"x","y","z"
1,1,1
1,1.26,0.983333333333333
1.026,1.51756666666667,0.969711111111111
1.07515666666667,1.779721764,0.959422382148148
1.1456131764,2.05265311932351,0.952972582484628
1.23631717069235,2.34198089804985,0.951075444885793
1.3468835434281,2.65297158783185,0.954667744999097
1.47749234786848,2.99071100136159,0.964942376194119
1.62881421321779,3.36024479898154,0.983398105687587
1.80195727179416,3.76669260257475,1.01190630108731
1.99843080487222,4.21533959347518,1.05279632431654
2.22012168373252,4.71170741684695,1.10896240063408
2.46928025704396,5.26160409940266,1.18399570798596
2.74851264127983,5.8711503581194,1.2823462403367
3.06077641296379,6.54677694557593,1.40951965037585
3.409376466225,7.29518432675524,1.5723146642587
3.79795725227803,8.12325176789244,1.77910657081593
4.23048670383947,9.03787757381931,2.04018135856697
4.71122579083745,10.0457254740478,2.36812273140824
5.24467575915848,11.152843831861,2.77824960131408
5.83549256642874,12.3641144227377,3.28909344218546
6.48835475205964,13.6824763937888,3.92289126177078
7.20776691623255,15.1078598588263,4.70604843541939
7.99777621049193,16.6357549945932,5.66949313513014
8.86157408890205,18.2553414103681,6.84879710691996
9.80095082104865,19.9471175113287,8.28387312166388
10.8155674900767,21.6800142353766,10.0179770159216
11.9020121646067,23.408071924947,12.0956475336491
13.0526181406407,25.0669291709445,14.5591285007588
14.2540492436711,26.5706455108052,17.4427756183402
15.4857088703845,27.8097710178238,20.7650278306559
16.7181150851284,28.6520600346435,24.5178339325125
17.9115095800799,28.9476919649149,28.6541093984973
19.0151278185634,28.5410541776897,33.0749684340451
19.9677204544761,27.2906319014274,37.6200872084571
20.7000115991712,25.0968134611516,42.0662019712353
21.1396917853692,21.9341398869316,46.1394798828164
21.2191365955255,17.8801683493658,49.5459033204771
20.8852397709095,13.1295120095602,52.0186965774929
20.1096669947746,7.98185451940803,53.3736613993734
18.8968857472379,2.7994771624183,53.5554881259171
17.287144888756,-2.05770900250939,52.6563557767948
15.3526594996294,-6.29951185990597,50.8964671527609
13.1874423636759,-9.75173338071479,48.5720854226971
10.8935247892368,-12.367147955032,45.9908255923841
8.56745751480993,-14.2033115211764,43.4171852483842
6.2903806112113,-15.3821392020995,41.0425309614877
4.12312862988022,-16.0487426488911,38.980468367223
2.10594150200309,-16.3409940573461,37.2792789078715
0.261247946068164,-16.3730003023802,35.941033027968
-1.40217687877667,-16.2300160850385,34.9398313535558
-2.88496079940285,-15.9704072135225,34.2356760504272
-4.19350544081482,-15.6308063317547,33.7834646766976
-5.3372355299088,-15.2319683625522,33.5380509992843
-6.32670881317315,-14.7840698533284,33.4566689999874
-7.17244491718867,-14.2910015962673,33.4998362103439
-7.88430058509653,-13.7536188575821,33.6315214623415
-8.47123241234509,-13.172076589401,33.8190575420727
-8.94131683005068,-12.5474099349099,34.0330532290377
-9.3019261405366,-11.882501431827,34.2474088191756
-9.55998366966564,-11.1825470634516,34.4394460908343
-9.72224000904424,-10.4551115981164,34.5901105348641
-9.79552716795146,-9.70985411907446,34.68417863005
-9.78695986306376,-8.95800504422276,34.7103985981177
-9.70406438117966,-8.21168097633116,34.6615043270439
-9.55482604069481,-7.48312749791644,34.5340643537096
-9.34765618641697,-6.78397774055327,34.3281557857734
-9.0912883418306,-6.12460371735279,34.0468812131027
-8.79461987938282,-5.51361827340811,33.6957697644923
-8.46651971878535,-4.95756079068211,33.2821176728523
-8.11562382597503,-4.46077364843381,32.8143273968234
-7.75013880822091,-4.02545321067243,32.3012982752766
-7.37767024846606,-3.65184209167615,31.7519085327563
-7.00508743278707,-3.33852023118857,31.1746118394014
-6.63843071262722,-3.08275069387501,30.5771551181734
-6.282862710752,-2.8808405300594,29.966410583878
-5.94266049268274,-2.72848524744405,29.3483055570606
-5.62124296815887,-2.62107517330953,28.7278286903875
-5.32122618867393,-2.55395140249778,28.1090902625137
-5.04449871005632,-2.52260694885463,27.4954160530557
-4.79230953393615,-2.52283461006084,26.8894578333023
-4.56536204154862,-2.55082688209327,26.2933076679576
-4.36390852560308,-2.60323529716542,25.7086072790328
-4.18784120275932,-2.6771972264991,25.1366472253331
-4.0367768051333,-2.77033792151197,24.578453401188
-3.91013291677116,-2.88075474177452,24.0348603357957
-3.8071950992715,-3.00698942556277,23.5065720662507
-3.72717453190063,-3.14799309939014,22.9942120985297
-3.66925638864958,-3.30308762018081,22.498364306302
-3.6326395118027,-3.47192586315024,22.0196066783268
-3.61656814693745,-3.65445273528305,21.5585397176301
-3.62035660577201,-3.85086800870003,21.1158110987291
-3.64340774606482,-4.06159151625402,20.6921379570955
-3.68522612308374,-4.28723081283439,20.2883279514896
-3.7454265920588,-4.5285510575643,19.9053000226547
-3.82373903860935,-4.78644659248752,19.5441055775956
-3.92000979399717,-5.06191346265572,19.2059506557788
-4.03420016086302,-5.35602192361157,18.8922194751245
-4.16638233713788,-5.66988780096104,18.604499600846
-4.31673288352019,-6.0046413920675,18.3446088153649
-4.48552373437493,-6.36139242444647,18.114623576464
-4.67311060338208,-6.74118940591202,17.9169087147936
-4.87991848363507,-7.14497151985057,17.7541477193208
-5.10642378725662,-7.57351104390288,17.6293725659866
-5.35313251292125,-8.02734411964207,17.5459915337033
-5.62055367359333,-8.50668760455852,17.5078127941305
-5.90916706668985,-9.01133974195272,17.5190607289462
-6.21938433421614,-9.54056255621807,17.5843808964733
-6.55150215641633,-10.0929443134923,17.7088283255848
-6.90564637212392,-10.6662412045271,17.8978323679136
-7.28170585536424,-11.2571987650729,18.157129736885
-7.67925514633511,-11.8613556377073,18.4926557121944
-8.09746519547233,-12.4728353068314,18.9103819897696
-8.53500220660824,-13.0841356085429,19.4160886345683
-8.9899155468017,-13.6859312769103,20.0150575338846
-9.45951711981257,-14.2669115483057,20.7116763299019
-9.94025656266188,-14.8136826581429,21.508945901485
-10.42759917221,-15.3107732625751,22.4078920733767
-10.9159165812465,-15.740788129815,23.4068943507405
-11.3984037361033,-16.0847598296785,24.5009618028688
-11.8670393454609,-16.3227467319712,25.6810086868283
-12.3126100841119,-16.4347148762034,26.9332085654558
-12.724820563321,-16.4017175971875,28.2385320315195
-13.0925102667077,-16.2073476482187,29.5725936442237
-13.4039940048588,-15.839382187413,30.9059398018484
-13.6475328231142,-15.2914763687143,32.20489124594
-13.8119271776742,-14.5646976920612,33.4330034026073
-13.8872042291129,-13.6686482416119,34.5531220840803
-13.8653486303628,-12.6219163119965,35.5298985918432
-13.7410053985262,-11.4516504576046,36.332507329885
-13.512069904434,-10.1921636709965,36.9372123753545
-13.1800792810903,-8.88263965062091,37.3293923253445
-12.7503353180433,-7.56419194919035,37.5046808115407
-12.231720981158,-6.27667135531729,37.4690158275218
-11.636216018574,-5.05568104607996,37.2375869992079
-10.9781625213246,-3.93021865748763,36.832874646961
-10.2733681349409,-2.9212291368645,36.2821304480378
-9.53815423513323,-2.04116309515291,35.6147155927187
-8.7884551211352,-1.29444814640113,34.8596791277858
-8.03905442366179,-0.678643843337785,34.043849678791
-7.30301336562939,-0.185989039942088,33.1905702352653
-6.59131093306066,0.194938888491142,32.3190711667705
-5.91268595090548,0.477672909628246,31.4443802407201
-5.27365006485211,0.676551567120783,30.577620135282
-4.67862990165482,0.805720717385515,29.7265379695162
-4.13019483975079,0.878441831916871,28.8961335999217
-3.62933117258402,0.906669477298942,28.0892886780451
-3.17573110759572,0.900843364351832,27.307334941992
-2.76807366040097,0.869837750989707,26.5505309805864
-2.4042825192619,0.821017003337751,25.8184390714308
-2.08175256700194,0.760355945251735,25.1102077945679
-1.79754171577657,0.692594062381612,24.4247735239707
-1.54852813796075,0.621401934417682,23.7609965628059
-1.33153513072291,0.549545754079431,23.1177474039934
-1.14342704224267,0.479041388052178,22.493956745112
-0.981180199213189,0.411293386637688,21.8886404098011
-0.841932840628101,0.347217002569564,21.3009078029361
-0.723017856308334,0.287342975312833,20.7299602608849
-0.621981773146218,0.23190586008519,20.1750837795743
-0.536593009823077,0.180917248829329,19.6356391332717
-0.464841983957836,0.134225500613794,19.111051300407
-0.404935235500673,0.0915636801194741,18.6007993292495
-0.355285343938659,0.0525873679469949,18.1044072401991
-0.314498072750093,0.0169039034960973,17.621436211916
-0.281357875125474,-0.0159055186315268,17.1514780838142
-0.254812639476079,-0.0462696341911131,16.6941500863418
-0.233958338947583,-0.0746156724293986,16.2490906515822
-0.218024072295764,-0.101361748027899,15.8159561371278
-0.206357839868978,-0.126912279147756,15.3944182998152
-0.198413283796856,-0.151655762455699,14.9841623719245
-0.19373753166274,-0.175964355682674,14.5848856138516
-0.191960214064733,-0.200194823607304,14.1962962398148
-0.192783675018991,-0.224690494658144,13.8181126344984
-0.195974356982906,-0.249783953361831,13.4500627975048
-0.201355316620798,-0.275800259702219,13.0918839687344
-0.20879981092894,-0.303060541342148,12.7433224013877
-0.218225883970261,-0.331885849908667,12.4041332605213
-0.229591880564102,-0.362601209464631,12.0740806344038
-0.242892813454155,-0.39553981513858,11.7529376537555
-0.258157513622597,-0.431047363823638,11.440486720774
-0.275446498642701,-0.469486517935055,11.1365198560437
-0.294850500571937,-0.511241518361539,10.8408391773911
-0.316489602350897,-0.55672297475733,10.5532575308367
-0.34051293959154,-0.606372870873597,10.2735993003434
-0.367098932719746,-0.660669830271037,10.0017014304217
-0.396456022474875,-0.720134693924962,9.73741470417287
-0.428823889619884,-0.78533646625063,9.48060532942559
-0.464475147282958,-0.856898690148538,9.23115689768875
-0.503717501569516,-0.93550631488982,8.98897279520352
-0.546896382901547,-1.02191312299962,8.75397916303448
-0.594398056911354,-1.11694978357947,8.52612852459298
-0.646653229578166,-1.22153259939891,8.30540422508077
-0.70414116656024,-1.3366730130358,8.09182585908298
-0.767394351207796,-1.46348793254214,7.88545590112118
-0.83700370934123,-1.60321092840271,7.68640780081622
-0.913624431247379,-1.75720433932631,7.49485586106708
-0.997982422055272,-1.92697230244882,7.31104728625632
-1.09088141009463,-2.11417469081483,7.1353168701458
-1.19321073816665,-2.32064189344541,6.9681048922876
-1.30595385369452,-2.54839030537612,6.80997891009358
-1.43019749886268,-2.79963829934468,6.66166027389132
-1.56714157891088,-3.07682231741286,6.52405635685532
-1.71810965276108,-3.38261253653392,6.3982996825179
-1.88455994113836,-3.71992730948376,6.28579535015645
-2.0680966779729,-4.09194523875668,6.18827840073294
-2.27048153405128,-4.50211327617225,6.10788302692726
-2.49364470826338,-4.95414861669705,6.04722579678676
-2.73969509910674,-5.45203132276552,6.00950530702555
-3.01092872147262,-5.99998351491061,5.99862086712311
-3.30983420081642,-6.60242952319338,6.01931287093389
-3.63909373305412,-7.26392952813373,6.07732733148577
-4.00157731256208,-7.98907684005026,6.1796064735446
-4.4003272653109,-8.78234598851616,6.33450605389802
-4.83852913763142,-9.64787516590561,6.55203785752735
-5.31946374045884,-10.5891623119382,6.84413209905794
-5.84643359760678,-11.6086494107888,7.22490855935161
-6.42265517892499,-12.7071648426006,7.71093631048298
-7.05110614529254,-13.8831897939847,8.32144872306125
-7.73431451016176,-15.1319134344376,9.0784618725059
-8.47407440258935,-16.4440455690338,10.0067193323306
-9.2710715192338,-17.8043691045885,11.133354139784
-10.1244012777693,-19.1900442141391,12.4871204892912
-11.0309655714063,-20.5687299433988,14.0970076911976
-11.9847420086055,-21.896676938944,15.9900170046308
-12.9759355016394,-23.117075646827,18.1878767907643
-13.9900495161581,-24.1591196693305,20.702523568808
-15.0069565314754,-24.9384490387909,23.530329078047
-16.0001057822069,-25.3598261207605,26.6453558428413
-16.9360778160623,-25.3229723576708,29.9924120258709
-17.7747672702231,-24.732306182976,33.4813326756828
-18.4705211614984,-23.5106889947369,36.9846070022475
-18.9745379448223,-21.616078367162,40.3408976015079
-19.2386919870562,-19.0582892853606,43.366691324094
-19.2206517168867,-15.9113559800628,45.8768117957308
-18.8897221432043,-12.3162026869215,47.7116964642066
-18.232370197576,-8.4695559682518,48.7658810246477
-17.2560887746436,-4.59874810536732,49.0096583288797
-15.990354707716,-0.927315331832878,48.4962981623606
-14.4840507701276,2.35938859959798,47.3513445555168
-12.7997068331551,5.13865328372539,45.746906991406
-11.005870821467,7.3588188177408,43.869256916146
-9.16940185754625,9.03178054608114,41.8895079719824
-7.34928361718351,10.2150475426073,39.944294172901
-5.59285050120443,10.9907171220185,38.1283801794206
-3.93449373888214,11.4472751124269,36.4969289969913
-2.39631685375124,11.6671135006865,35.0732852345005
-0.98997381830746,11.7199406918679,33.8584166210839
0.281017632710074,11.6607380756653,32.8395011668177
1.4189896770056,11.5305308432947,31.9965498657993
2.43014379363451,11.3585149048297,31.306925578415
3.32298090475402,11.1645667090774,30.748102474666
4.10713948518636,10.9616021215104,30.2991494951827
4.79258574881877,10.7575568235552,29.9413804642528
5.38908285629241,10.5569389318595,29.6585087871195
5.90586846384912,10.3619911298242,29.4365374055891
6.35148073044662,10.1735312089178,29.2635286411365
6.73368577829374,9.9915431186632,29.1293377517132
7.05947151233069,9.81558163190055,29.0253545296811
7.33508252428768,9.64504120465832,28.9442732646298
7.56607839232474,9.47932756939635,28.8798977094363
7.7574033100319,9.31796054323417,28.8269804588171
7.91345903335213,9.16062872831624,28.7810927595236
8.03817600284854,9.0072109854957,28.7385195542158
8.13507950111326,8.85777537405743,28.6961745047321
8.20734908840767,8.71256327089042,28.6515302533155
8.25787050665595,8.57196427587533,28.6025599287508
8.28927988357788,8.43648601447534,28.547686707096
8.30400049666763,8.30672187029425,28.4857389996522
8.30427263403029,8.18331888264768,28.4159095183608
8.29217725889203,8.06694743350563,28.3377170417317
8.26965427635339,7.9582738634367,28.2509701678534
8.23851623506172,7.85793675958407,28.155732698249
8.20045828751396,7.76652732835969,28.0522905553082
8.15706519159853,7.68457398989973,27.9411203077838
8.10981607142865,7.61253110487942,27.8228594762957
8.06008757477372,7.55077156449101,27.6982788279138
8.00915597374545,7.49958283954788,27.5682568598385
7.9581986603257,7.45916599265388,27.4337566305758
7.90829539355852,7.42963710496704,27.2958050351926
7.86042956469937,7.41103055188091,27.155474549851
7.81548966341752,7.40330357452702,27.013867398404
7.77427105452847,7.40634163032707,26.8721020267318
7.73747811210833,7.41996405968421,26.7313017129183
7.70572670686592,7.44392967135901,26.5925850956182
7.67954700331523,7.47794192080878,26.4570583697946
7.65938649506458,7.52165342932604,26.3258088779558
7.64561318849073,7.5746696637362,26.1998998148484
7.63851883601528,7.63655166426084,26.080365762581
7.63832211883983,7.70681777042608,25.9682087795421
7.64517168399846,7.7849443509227,25.8643947785048
7.65914895069088,7.87036559308922,25.7698499455431
7.68027061493071,7.9624724516531,25.6854569707339
7.70849079860295,8.06061089528322,25.6120508834406
7.74370280827098,8.16407962425569,25.5504143090563
7.78574048986945,8.27212746395375,25.5012719906144
7.83437918727788,8.38395066767265,25.4652844481993
7.88933633531736,8.49869038864289,25.4430406824271
7.95027174064991,8.61543060527702,25.4350498664198
8.01678762711262,8.73319680485604,25.4417320147285
8.08842854488696,8.85095574811911,25.4634076685722
8.16468126521018,8.96761664884054,25.5002866953031
8.24497480357321,9.08203410622469,25.5524563665588
8.32868073383836,9.19301312104613,25.6198689538274
8.41511397255914,9.29931650571835,25.7023291610638
8.50353422587506,9.39967496047191,25.799481799394
8.59314829933474,9.49280002920233,25.9108001954615
8.6831134723215,9.57740006638371,26.0355759078512
8.77254213172772,9.65219923871878,26.1729103991041
8.86050784242683,9.7159594513546,26.3217093666496
8.9460530033196,9.76750493002778,26.4806804660265
9.02819819599042,9.80574901152655,26.6483351550746
9.10595327754403,9.82972250255668,26.8229953396346
9.1783302000453,9.8386027719785,27.0028054023061
9.24435745723862,9.83174255717207,27.1857500410609
9.30309596723196,9.8086973084001,27.3696781328931
9.35365610134878,9.7692497835155,27.552332573085
9.39521546956545,9.71343055727173,27.7313857329012
9.42703697833608,9.64153314087494,27.9044798436995
9.44848659458996,9.55412252992241,28.0692712756696
9.45905018812321,9.45203621742763,28.2234773614555
9.45834879105365,9.33637701947419,28.3649241480894
9.4461516138957,9.20849745053036,28.4915932737567
9.42238619755917,9.06997583006229,28.601666083662
9.38714516080948,8.9225847697393,28.6935631388314
9.34068912170246,8.76825314341794,28.765977439561
9.28344552387401,8.60902304061199,28.8178999753699
9.21600327554781,8.44700351155263,28.8486366068064
9.13910329914829,8.28432309895633,28.8578157509352
9.05362527912909,8.12308320037243,28.8453868432257
8.96057107125343,7.96531421142399,28.81161004148
8.86104538527048,7.81293617472151,28.7570380813372
8.75623446421559,7.66772532500323,28.6824915528658
8.64738355029435,7.5312875111858,28.5890291189853
8.5357739463835,7.40503902893236,28.4779143265134
8.42270045463838,7.29019495207447,28.3505806699575
8.30944990438199,7.18776464287134,28.2085964687977
8.19728137823093,7.09855377736557,28.053630931874
8.08740861814439,7.02317196120044,27.8874225339398
7.98098495245,6.96204484128068,27.7117505474919
7.87909094133306,6.91542953829806,27.5284102840576
7.78272480102956,6.88343222550415,27.3391923254557
7.69279554347702,6.86602674602298,27.1458657837532
7.61011866373162,6.86307327748549,26.9501654290518
7.53541412510701,6.87433620133267,26.7537823713393
7.46930633272957,6.89950049853902,26.5583578758928
7.41232574931052,6.93818616002487,26.3654798268664
7.36491179038195,6.98996025809547,26.1766813240913
7.3274166371533,7.05434646765276,25.9934408959736
7.30010962020325,7.13083194859897,25.8171838287942
7.28318185304282,7.21887160241853,25.6492841424399
7.27675082798039,7.31788979714876,25.4910667785167
7.28086472489723,7.42727971814503,25.3438096041609
7.29550622422201,7.54640055052034,25.2087448704012
7.32059565685184,7.67457273672893,25.0870597957251
7.35599336483955,7.81107158344249,24.9798959729527
7.40150118669984,7.95511951944891,24.8883473210748
7.45686301997475,8.10587733421105,24.8134563248149
7.52176445139838,8.26243475779916,24.7562083255325
7.59583148203846,8.42380077926869,24.717523650617
7.67862841176148,8.5888941434129,24.6982473981765
7.76965498492662,8.75653451534847,24.6991367335107
7.86834293796881,8.92543485752538,24.7208456077623
7.97405212992447,9.09419562199686,24.7639068815171
8.08606647913171,9.26130141801761,24.8287119310386
8.2035899730203,9.42512086533843,24.9154879357046
8.32574306225211,9.58391037910818,25.0242731943398
8.45155979393772,9.73582264339093,25.1548909959718
8.57998607888304,9.87892050563518,25.3069227748838
8.70987952155825,10.0111969515874,25.4796815050143
8.84001126456116,10.1306016865443,25.6721865246964
8.96907030675948,10.2350746431137,25.8831412142962
9.09567074039489,10.3225864494671,26.1109151559385
9.21836231130212,10.391185522395,26.3535325604496
9.3356446324114,10.4390510010864,26.6086688220649
9.44598526927891,10.4645502255075,26.8736570246007
9.54784176490177,10.4662989147902,27.1455060434091
9.63968747989061,10.4432216565083,27.4209315412773
9.72004089755238,10.3946098296587,27.6964006306963
9.78749779076301,10.3201737142231,27.9681902737949
9.84076538310902,10.2200853533305,28.2324586407762
9.87869738013116,10.0950087903456,28.4853276985969
9.9003285211526,9.94611464779581,28.7229743288635
9.90490713381692,9.77507666763676,28.9417263719827
9.89192408719891,9.58404877836084,29.138159268252
9.8611365563151,9.37562243977033,29.3091885174009
9.81258514466062,9.15276534789213,29.4521530887271
9.74660316498377,8.91874393615104,29.5648852325473
9.6638172421005,8.67703334318571,29.6457628717704
9.56513885220902,8.43121949358762,29.6937418395114
9.45174691634688,8.18489853990451,29.7083665752873
9.32506207870264,7.94157906940585,29.6897593619645
9.18671377777296,7.70459216922791,29.6385896238968
9.03850161691846,7.47701370879594,29.5560260642579
8.88235282610621,7.26160213073035,29.4436753741778
8.72027775656862,7.06075376902497,29.3035118196126
8.55432535781426,6.8764763800748,29.1378021781226
8.38654046004031,6.71038031602915,28.9490302827442
8.21892444563919,6.56368570422849,28.7398249020974
8.05340057149812,6.4372431974528,28.5128939402545
7.89178483409359,6.33156536196263,28.2709670823001
7.7357628868805,6.24686556923666,28.0167481417682
7.58687315511611,6.18310131700915,27.752877566286
7.44649597130542,6.14001916942277,27.4819048851589
7.31584829111715,6.11719890958271,27.2062703683098
7.19598335296371,6.11409497618299,26.9282948170458
7.08779451528564,6.13007375297939,26.6501762119284
6.99202243905501,6.16444575186656,26.3739918775236
6.90926477033617,6.2164921471323,26.1017048576702
6.83998750801578,6.28548546316697,25.8351732966715
6.7845373035309,6.37070448461316,25.5761617625924
6.74315402163912,6.47144364916119,25.3263536045129
6.71598298439133,6.58701730711128,25.0873635877457
6.70308641666333,6.71675929988435,24.8607501869304
6.70445370498543,6.86001833469051,24.6480270288827
6.72001016795594,7.01614962739578,24.4506730615154
6.74962411389992,7.18450326228199,24.2701410815683
6.79311202873813,7.36440968663209,24.107864284048
6.85024179452752,7.55516272926091,23.9652605034083
6.92073388800086,7.75600051326414,23.8437338049084
7.00426055052719,7.96608463117072,23.7446730593192
7.10044295859154,8.18447797106108,23.6694471009801
7.2088464598385,8.41012162973701,23.6193960347476
7.32897397682835,8.64181142730828,23.5958182291944
7.46025772187634,8.87817464890976,23.5999525203832
7.60204941457968,9.117647784285,23.63295516298
7.75360925155022,9.35845621290926,23.6958711153092
7.91409394768612,9.5985969861822,23.7895993456273
8.08254425153573,9.83582607968143,23.9148520128902
8.2578724343503,10.0676517126835,24.0721076212741
8.43885036218362,10.2913355375504,24.2615585869415
8.62409887972029,10.5039036589008,24.4830540975739
8.81207935763835,10.7021695144833,24.7360396927461
9.00108837332284,10.8827705918155,25.0194956382114
9.18925659517211,11.0422207174727,25.3318768862944
9.37455300740216,11.1769791894914,25.6710581648604
9.55479562561109,11.2835372844433,26.0342884525426
9.72766979149431,11.3585216325474,26.418159687343
9.89075497559962,11.398812618466,26.8185949066235
10.0415607398863,11.4016743753364,27.2308610020004
10.1775721034313,11.3648911912413,27.6496107663772
10.2963040122123,11.2869033962235,28.0689578080722
10.3953639506134,11.166934256702,28.4825861537635
10.4725209812223,11.005098327076,28.8838939811064
10.5257787158076,10.8024813611821,29.2661680395841
10.5534489803451,10.5611825015534,29.6227821757562
10.5542223324659,10.2843111875573,29.9474103247586
10.5272312179751,9.97593406028132,30.2342417841959
10.4721015022057,9.64097092108759,30.4781849812959
10.3889884440939,9.285043165223,30.6750456424491
10.2785939162068,8.9142825509025,30.8216664867812
10.1421627796764,8.53511208554753,30.9160182844176
9.98145771026348,8.1540136436013,30.9572360913105
9.79871330359726,7.77729823731848,30.9455992190674
9.59657179696938,7.41089443239587,30.8824583969329
9.37800406051203,7.06016829849248,30.7701179780171
9.14622048431007,6.72978483904813,30.6116843683149
8.90457691978388,6.42361657997731,30.4108937446589
8.65648088580322,6.14470052623012,30.1719324575307
8.40530284984591,5.89524060292912,29.8992624185395
8.15429662515423,5.67664943870827,29.5974615804484
7.90653190650964,5.48962118857855,29.2710867719056
7.66484083471653,5.33422609551263,28.9245631088096
7.43177936079614,5.21001754385074,28.5621013658929
7.2096031791016,5.11614323511505,28.1876423379869
7.00025718470294,5.05145353479906,27.8048255009668
6.80537681971256,5.01460171634235,27.4169782266094
6.62629930937554,5.00413252779913,27.027121350038
6.46408263121789,5.01855705378463,26.6379869131668
6.31953007347457,5.05641313462768,26.2520442703338
6.19321837958988,5.11631159128868,25.8715313051401
6.08552770075976,5.19696918978967,25.4984881534985
5.99667184966275,5.29722969424841,25.1347914690498
5.92672763412132,5.41607455071555,24.7821878450955
5.87566232578074,5.55262476740724,24.4423254896415
5.84335856994339,5.70613546061221,24.1167836248015
5.82963625901027,5.87598436285569,23.8070993502571
5.83427106939481,6.06165537580882,23.5147918825744
5.85700950003621,6.26271802164785,23.241384171623
5.89758035219738,6.47880342256964,22.9884219165347
5.9557026592346,6.70957723272942,22.7574899698008
6.03109011658409,6.95470976968134,22.5502260402791
6.12345208189381,7.21384345064543,22.3683314927614
6.23249121876897,7.48655753859083,22.2135788999175
6.35789785075116,7.77233015014856,22.0878158371005
6.4993410806909,8.07049747847251,21.9929642263474
6.65645672046906,8.38021024745659,21.9310143383459
6.82883207316781,8.7003875489215,21.9040123575297
7.01598762074318,9.02966843273765,21.9140402167595
7.21735570194263,9.36636193340583,21.9631862304143
7.43225632508895,9.70839663688663,22.0535049213352
7.65987035626872,10.0532714271229,22.1869643798759
7.89921046335414,10.3980097051169,22.365379554294
8.14909038753042,10.7391201358833,22.5903301034533
8.4080933623657,11.072567824061,22.8630619073932
8.67454080853523,11.3937606966137,23.1843720967877
8.94646279734308,11.697556697299,23.5544785954613
9.22157218733867,11.9782980489309,23.972876724371
9.4972447734979,12.2298791483769,24.4381874131178
9.7705082109858,12.4458544166426,24.948003973659
10.0380428315515,12.6195913948288,25.4987470954002
10.2961976878792,12.7444723187696,26.0855404955692
10.5410251509682,12.8141441308125,26.7021221465716
10.7683370489527,12.8228123204631,27.3408077117066
10.9737845761037,12.7655682446626,27.9925231558832
11.1529629429596,12.6387330549825,28.6469218308111
11.3015399541619,12.4401947723724,29.2925971294046
11.4154054359829,12.1697094436226,29.917394788529
11.4908358367469,11.8291339602674,30.5088192675389
11.524665649099,11.4225583171912,31.054517118021
11.5144549159082,10.9563098489729,31.5428083161701
11.4586404092147,10.4388116841607,31.9632261190794
11.3566575367093,9.88029173772968,32.3070193164537
11.2090209568113,9.29235538654282,32.56756969763
11.0173543997845,8.68745198805308,32.7406832350188
10.7843641586113,8.07827959519936,32.8247257225866
10.5137557022701,7.47718080766944,32.8205907926147
10.2100982128101,6.8955838602511,32.7315075616804
9.87864677755416,6.34353645265449,32.5627132445139
9.52513574506419,5.82936676322974,32.3210297840233
9.15555884688074,5.35948914308457,32.0143907537246
8.77595187650113,4.93835434385272,31.6513648493459
8.39219212323629,4.56852877840012,31.240716054071
8.00982578875267,4.25087637318992,30.7910300049178
7.63393084719639,3.98481096835229,30.3104236634411
7.26901885931198,3.76858671392441,29.8063434127982
6.91897564477323,3.59959740344493,29.2854468674216
6.5870378206404,3.47466167372708,28.7535568852779
6.27580020594907,3.39027797995652,28.2156726469249
5.98724798334981,3.34284001573707,27.6760217821219
5.72280718658854,3.3288089948961,27.1381386560275
5.48340736741929,3.34484356787842,26.6049562789211
5.26955098746521,3.38789106238,26.0789021767796
5.08138499495668,3.45524538106988,25.5619914323307
4.918771033568,3.54457752879249,25.0559126478012
4.78135168309045,3.65394466938746,24.5621046299417
4.66861098172015,3.78178309083276,24.0818231180922
4.57992819263141,3.9268896961164,23.6161979089599
4.51462434297991,4.08839578703194,23.1662813596736
4.47200148738512,4.26573606756896,22.7330895681877
4.4513749454035,4.45861501974316,22.317637626759
4.45209895283747,4.66697212453521,21.9209702952796
4.47358627000724,4.8909468211164,21.5441893044911
4.51532232511816,5.13084361379718,21.1884783151675
4.57687445398606,5.38709733697472,20.8551263539237
4.65789674228492,5.66023826028182,20.5455503329798
4.75813089408461,5.95085644587441,20.2613170442982
4.87740344926359,6.25956454592617,20.004164795464
5.01561955892985,6.58695804253038,19.7760246179902
5.1727534072899,6.93357177988674,19.5790407174301
5.34883524454959,7.2998315203035,19.4155895354563
5.54393487212498,7.68599917756478,19.2882964423282
5.75814130266896,8.09211035727905,19.200048659209
5.99153820812997,8.51790288647512,19.1540025103702
6.24417467596448,8.96273517709175,19.1535825160682
6.51603072607721,9.4254935855826,19.2024691558414
6.80697701202775,9.90448846266827,19.3045713698066
7.1167281570918,10.3973394059961,19.4639790527579
7.44478928198223,10.9008514181838,19.684889992446
7.79039549560239,11.4108853226294,19.9715050106732
8.15244447830509,11.9222279814163,20.3278846399043
8.52942282861621,12.4284706466454,20.7577607329355
8.91932761041913,12.921907149527,21.2642972593067
9.31958556432991,13.3934674723381,21.8497965645723
9.72697375513073,13.8327062691598,22.5153509839657
10.1375470065336,14.2278695768189,23.2604453328187
10.5465792635622,14.5660654633365,24.0825237569885
10.9485278835396,14.8335645458036,24.976544763142
11.337031549766,15.0162527399993,25.9345605198784
11.7049536687893,15.100249738102,26.9453695500746
12.0444832757206,15.0726912462617,27.9943035977889
12.3473040727747,14.9226504360107,29.0632166115382
12.6048387090983,14.6421453436717,30.1307425269487
12.8085693725557,14.227147231407,31.172874863685
12.9504271584408,13.6784758810734,32.1638922235238
13.0232320307041,13.0024492928993,33.0776094862598
13.0211537569236,12.2111559349616,33.8888790410484
12.9401539747274,11.3222443811179,34.5752089897428
12.7783630153664,10.3581797698738,35.1183192729946
12.5363446908172,9.34499329487907,35.5054365718268
12.2172095512234,8.31063596273541,35.7301455006912
11.8265521923746,7.28312152867415,35.7926694312795
11.3722091260045,6.28868619591792,35.6995404152681
10.8638568329959,5.35019149619322,35.4627152163389
10.3124902993156,4.48595088427403,35.0982799550074
9.72983635781144,3.70908194365288,34.6249390726467
9.12776091639559,3.02739539364312,34.0624949675374
8.51772436412034,2.44375139350136,33.4304951819287
7.91032706705844,1.95675926836282,32.7471673182534
7.31497028718888,1.56167521438484,32.0286955811425
6.73964077990848,1.25136057751912,31.2888331102267
6.19081275966954,1.01719143426396,30.5388014350735
5.67345062712898,0.849847076736122,29.7874058139075
5.1910902720897,0.739941019610284,29.041290646508
4.74597534684175,0.678487271959122,28.305267235556
4.33922653935349,0.657214491498056,27.5826609479332
3.97102533456795,0.668751633489446,26.8756413482905
3.6407979644601,0.706712684065342,26.185513875794
3.34738943642062,0.765707331100192,25.5129634867888
3.08922122588858,0.841301055312345,24.8582490001229
2.86442920883096,0.92994368351199,24.221352010894
2.67098065629906,1.02888094337573,23.6020868690997
2.50677068500673,1.13605954294915,23.0001790968976
2.36969957080097,1.25003299222147,22.4153193952339
2.25773291294302,1.369872814621,21.8471995711459
2.16894690311082,1.49508788682473,21.2955356519831
2.10156100148221,1.62555327980297,20.7600823636836
2.05396022931428,1.76144903258919,20.2406421611054
2.02470910964177,1.90320866632438,19.7370711660649
2.01255906531004,2.05147685248503,19.2492837075458
2.01645084402753,2.20707541798353,18.777256658712
2.03551330142313,2.37097674975159,18.3210344053739
2.06905964625598,2.54428361437286,17.8807350350121
2.11658204306767,2.72821440611741,17.4565581796298
2.17774527937264,2.92409285834748,17.0487948577226
2.25238003727013,3.13334128278437,16.6578396223704
2.34047616182155,3.35747642609742,16.2842053193269
2.44217618824914,3.59810704350555,15.9285407795364
2.55776927377478,3.85693227572687,15.5916518055263
2.68768557396999,4.13573987047083,15.2745258527044
2.83249100362007,4.43640320464227,14.9783608471746
2.99288222372229,4.7608759301235,14.7045986129057
3.16968159436241,5.11118287550913,14.4549633926344
3.36383172247708,5.48940557904736,14.2315059250233
3.57638910813411,5.89766049465833,14.0366534665995
3.80851624678653,6.3380674942633,13.8732659950558
4.06147137153421,6.81270577903929,13.744698565439
4.33659481228472,7.3235537079395,13.6548693652032
4.6352907018502,7.87240836178417,13.6083323656378
4.95900246784359,8.4607799098631,13.6103525153596
5.30918021204554,9.08975508464178,13.6669800661456
5.68723769930517,9.7598233919121,13.7851187426589
6.09449626856586,10.4706592437719,13.9725799315184
6.53211256608647,11.2208532439839,14.2381117369172
7.00098663387621,12.0075867441077,14.5913875220385
7.50164664489936,12.8262460440369,15.0429333977902
8.03410658481312,13.6699769356386,15.6039681632115
8.59769361989567,14.5291875763372,16.2861228626544
9.19084301553982,15.3910189678538,17.101001286257
9.81086061077122,16.2388186402211,18.0595389771176
10.4536564137162,17.0516752288419,19.1711191326891
11.1134582952288,17.8040993475985,20.4424128303567
11.7825224004657,18.4659676523464,21.8759329773836
12.4508669256538,19.0028775445822,23.4683315397538
13.1060679875466,19.3770807786335,25.2085323604813
13.7331692666553,19.5491616175328,27.075878211718
14.3147685017431,19.4805812107723,29.0385742478866
14.831349772646,19.1371058993609,31.0528123710591
15.2619253853175,18.4929615597129,33.0630284867934
15.585029002757,17.535316314224,35.0037297219244
15.7800577339037,16.2684298426451,36.8031810626368
15.8288949447779,14.7165984901145,38.3889305225355
15.7176652993115,12.9249796069152,39.6947006230462
15.4383967300719,10.9575959091592,40.6676803077175
14.9903166479806,8.89233320766499,41.2748859613791
14.3805183039491,6.81346243531927,41.5072112409649
13.6238127170861,4.80292082610606,41.3801634871829
12.7417235279881,2.93200320311126,40.9310333991567
11.7607514955004,1.2550466460478,40.2131269171514
10.7101810105551,-0.193859326968914,39.2883797832216
9.61977697680274,-1.40092664164117,38.2199269708448
8.51770661495835,-2.37005155701214,37.0659628997545
7.4289307977613,-3.11856316306408,35.8756631841781
6.37418140167876,-3.67245509925079,34.6873029333315
5.3695177515858,-4.06199136810862,33.5282192385213
4.42636683961636,-4.31821016778652,32.4160240445822
3.55190913887607,-4.47049749004752,31.3604569137948
2.74966847598371,-4.54515289137612,30.3653900538581
2.02018633924773,-4.56474174710735,29.4306696828491
1.36169353061222,-4.54799652312895,28.5536355354428
0.770724525238105,-4.51005537716696,27.7302754800697
0.242646534997599,-4.4628759903696,26.9560413643742
-0.227905717539121,-4.41571410100975,26.2263845807057
-0.646686555886185,-4.37559913094738,25.5370779901266
-1.0195778133923,-4.34777052515772,24.8843856550425
-1.35239708456885,-4.3360589325182,24.2651309412265
-1.65076326936378,-4.34320860345634,23.6767015173823
-1.92000780277304,-4.37114394079779,23.1170189025898
-2.16512141657551,-4.42118611946802,22.5844913699212
-2.39072788686476,-4.49422659543967,22.0779623142626
-2.60107775772225,-4.59086413590884,21.596661381065
-2.80005639554091,-4.71151131111851,21.1401623568296
-2.99120188709867,-4.85647552065864,20.7083496677744
-3.17772925045467,-5.02601874779022,20.3013939973875
-3.36255820018822,-5.22039941513459,19.9197367586724
-3.54834232168286,-5.4398989752013,19.5640827470573
-3.7374979870347,-5.6848352075576,19.2354001113963
-3.93223170908699,-5.95556359989023,18.9349267098745
-4.13456489816732,-6.25246765025762,18.6641818912742
-4.34635517337635,-6.57593843223517,18.4249827069104
-4.56931349926223,-6.9263433073827,18.2194634749736
-4.80501648007428,-7.30398325004718,18.0500974553904
-5.05491315707157,-7.70903787456653,17.9197191221133
-5.32032562882106,-8.14149694018693,17.8315451153287
-5.60244275995765,-8.60107688206933,17.7891913938651
-5.90230617216882,-9.08712082073617,17.7966833657532
-6.22078763702555,-9.59848059999789,17.8584548357412
-6.55855693332279,-10.1333797817795,17.9793304679618
-6.91603921816846,-10.6892573003205,18.1644851377406
-7.29336102638367,-11.2625927925,18.419372094422
-7.6902842029953,-11.8487166463233,18.7496103918592
-8.10612744732809,-12.4416107306104,19.1608207659195
-8.53967577565632,-13.0337097573166,19.6583983678187
-8.98907917382235,-13.6157183936286,20.2472109661585
-9.45174309580298,-14.1764655541237,20.9312130468822
-9.92421534163505,-14.7028244813808,21.7129704698728
-10.4020762556096,-15.179734585729,22.5930978868444
-10.8798420886216,-15.5903673207484,23.5696228435352
-11.3508946118342,-15.9164816860946,24.6373069132411
-11.8074533192603,-16.1390126176311,25.7869751243218
-12.2406092490974,-16.2389243705941,27.0049288353562
-12.640440761247,-16.1983378999027,28.2725406782076
-12.9962304751126,-16.0019041779245,29.5661475666659
-13.2967978453938,-15.638344988801,30.8573613122579
-13.5309525597345,-15.1020239815096,32.1138974634571
-13.688059701912,-14.394354227558,33.3009745649294
-13.7586891544766,-13.5248101220517,34.3832563769041
-13.7353012512341,-12.5113096179996,35.3272061236129
-13.6129020879107,-11.3797826874425,36.1036133601568
-13.3895901478639,-10.1628479082671,36.6899690122778
-13.0669159239042,-8.89766819446404,37.0723335208848
-12.6499911509602,-7.6232173190092,37.2463887824865
-12.1473137677651,-6.3773177830512,37.21748806456
-11.5703141692937,-5.1938674085123,36.9996945172464
-10.9326694932155,-4.10063580450507,36.6139827734879
-10.2494661243445,-3.11789117963206,36.0859188591552
-9.53630862987325,-2.25794875352464,35.4431948898281
-8.80847264223839,-1.52556322937243,34.7133679879398
-8.08018170095179,-0.918962414488237,33.9220569946274
-7.36405977230543,-0.431259824743535,33.0917226409581
-6.67077977754925,-0.0519897277759342,32.241034935134
-6.00890077257191,0.23144027031354,31.3847421237773
-5.38486666828337,0.432511663235624,30.5339086509523
-4.80312883513147,0.564634148953147,29.6963809105369
-4.26635253672301,0.640467168131278,28.8773573139679
-3.77567056623758,0.671493652470558,28.0799698649876
-3.33095414436677,0.66779811460005,27.3058172803975
-2.93107891847008,0.637997225385971,26.5554181039459
-2.57417130408448,0.589275417716835,25.8285734190003
-2.25782663190435,0.52748642360231,25.1246425024554
-1.97929532635368,0.457290972024267,24.4427423067715
-1.73563669651589,0.382309427035596,23.7818847064205
-1.52384208416074,0.305275175828525,23.1410656115394
-1.34093035816181,0.228179937017119,22.5193186169632
-1.18401932864392,0.152406017147685,21.9157437197975
-1.05037679406476,0.0788431866143793,21.3295193705686
-0.937454795996845,0.00798957416410276,20.7599040368175
-0.84291035898075,-0.0599629484191667,20.2062316971895
-0.764615617924592,-0.125057799314323,19.6679042858349
-0.700659836063565,-0.187515726452112,19.1443830496776
-0.64934542510242,-0.247688320394136,18.6351800157344
-0.609179714631591,-0.306021467327101,18.1398502347585
-0.578863889901142,-0.363027284855975,17.6579851158663
-0.557280229396626,-0.419263201659867,17.1892069466391
-0.54347852662295,-0.475316981970632,16.7331645656607
-0.536662372157718,-0.531796643366506,16.2895300896401
-0.536175799278597,-0.589324362544594,15.8579965730644
-0.541490655605196,-0.648533602841954,15.4382764790606
-0.552194950328872,-0.710068825862382,15.0301008551435
-0.567982337882223,-0.774587265744403,14.6332191298733
-0.588642830668441,-0.842762347572699,14.2473994719376
-0.614054782358867,-0.915288421135881,13.8724296794911
-0.644178146236568,-0.992886558108719,13.5081185936937
-0.679048987423783,-1.07631122552558,13.1542980560861
-0.718775211233963,-1.16635770199642,12.810825455069
-0.763533460310209,-1.26387014639648,12.4775869329701
-0.813567128918836,-1.36975026254685,12.1545013528868
-0.869185442281638,-1.48496652832758,11.8415251546942
-0.930763550886232,-1.61056397409444,11.538658263456
-0.998743593207052,-1.74767450322407,11.2459512521984
-1.07363668420875,-1.89752774666328,10.9635140059375
-1.15602579045421,-2.06146243252899,10.6915261864271
-1.24656945466169,-2.24093822942262,10.4302498588362
-1.34600633213778,-2.43754798564852,10.1800447140664
-1.45516049748885,-2.65303023232482,9.94138640526037
-1.57494747097245,-2.88928174142637,9.71488861571399
-1.70638089801784,-3.14836982332342,9.50132958901081
-1.8505797905484,-3.43254390337058,9.30168398123467
-2.00877620183062,-3.74424572175302,9.11716103884589
-2.18232315382286,-4.08611723981716,8.9492502614733
-2.37270256242229,-4.4610049899397,8.79977587045089
-2.58153280517403,-4.87195914995294,8.67096156027829
-2.81057543965192,-5.32222502669952,8.56550714238158
-3.06174039835668,-5.81522385950966,8.48667876802817
-3.33708874447198,-6.35451886013495,8.43841439237556
-3.63883175603828,-6.94376114308589,8.4254459422258
-3.96932469474304,-7.5866086208122,8.4534391693045
-4.33105308734995,-8.28660900062984,8.52915125426911
-4.72660867867794,-9.04703570635876,8.66060465578033
-5.15865138144602,-9.8706628880389,8.8572731731527
-5.62985253210531,-10.7594628010581,9.13027230930033
-6.14281355900059,-11.7142060152438,9.49254026999862
-6.69995280462491,-12.7339427008124,9.95898769823231
-7.30335179424366,-13.8153425834993,10.5465828440685
-7.95455087316922,-14.9518736126789,11.2743237053463
-8.65428314712019,-16.1328073062919,12.1630294662162
-9.40213556303736,-17.3420555051486,13.2348608376496
-10.1961275572485,-18.5568733502124,14.5124547833235
-11.0322021365449,-19.7465119313442,16.0175384665263
-11.9036331160248,-20.8709761893373,17.7688792186017
-12.8003674233561,-21.880141508919,19.7794468727506
-13.7083448319124,-22.7136010983499,22.0527334620358
-14.6088704585561,-23.3017368924635,24.5783193320217
-15.4781571019468,-23.5685884198292,27.3270180403814
-16.2872002337351,-23.4370677406085,30.246280701637
-17.0021869844224,-22.836840827515,33.256955368089
-17.5856523687317,-21.7146750378698,36.252865603769
-17.9985546356455,-20.0462080319536,39.1047897861613
-18.2033199752763,-17.8470442947983,41.67002309687
-18.1676924072285,-15.1801758068328,43.8075770600649
-17.8689407471889,-12.1565020714563,45.3972626525918
-17.2976968796157,-8.92623049571729,46.3589071339353
-16.4605502412258,-5.66130008432185,46.6667019042887
-15.3806252255354,-2.53204523814333,46.3541376648607
-14.0957672267962,0.316256341849164,45.5074717157509
-12.6545648699317,2.78090623878011,44.2493603788772
-11.1110177590605,4.80938302648629,42.717465851482
-9.51897768050583,6.39654944066327,41.0439620266017
-7.92742496838892,7.57423578022251,39.3405702589798
-6.37725889352777,8.39750862068833,37.691046527001
-4.89978214210616,8.93155666100053,36.1504210876
-3.51664826179549,9.2415939713472,34.7487830403095
-2.24082403848122,9.38650899311312,33.4971544721457
-1.07809073532179,9.41582546202628,32.3935618696633
-0.0286991155869829,9.36903379087349,31.4282224111787
0.911074175059064,9.27632732247711,30.5874476503769
1.74759948980087,9.15999048191659,29.8562966023293
2.48883858901244,9.03594994714592,29.2202086398616
3.14354972482579,8.91522142417912,28.6658932853004
3.72071689476112,8.80513652339964,28.1817238829064
4.22915885762497,8.71032372695253,27.7578254482618
4.67727534455773,8.63346243618875,27.3859901970677
5.07289405372083,8.57584674095258,27.0595079350554
5.42318932244401,8.53779843958134,26.7729646761653
5.73465023415774,8.51896490385035,26.5220399248147
6.013081701127,8.51853109572422,26.3033183676261
6.26362664058672,8.53536863752963,26.1141227790112
6.49080084028101,8.56813925917695,25.9523697954235
6.69853468217061,8.61536546510967,25.81644745591
6.89021776046451,8.67547783492786,25.7051121007619
7.06874376791085,8.74684583019464,25.6174017593289
7.23655397413923,8.82779713654449,25.5525631652575
7.39567829037976,8.91662925270815,25.5099897853641
7.54777338661259,9.01161610505313,25.489168604964
7.69415765845665,9.11101180781985,25.4896338042458
7.83584307339297,9.21305322264758,25.5109258489069
7.97356408831843,9.31596263488115,25.5525548857308
8.1078039429747,9.41795161324501,25.6139676732474
8.23881871000173,9.51722692018166,25.6945175875403
8.36665953101972,9.61199916733337,25.7934375240458
8.49119349465109,9.70049474536237,25.9098157678598
8.61212361972222,9.78097138545446,26.0425751261507
8.72900839629544,9.851737521499,26.190455803045
8.8412813088158,9.91117541117089,26.3520026437298
8.94827071905131,9.95776773928888,26.5255574723421
9.04922042107506,9.99012717086764,26.7092572879656
9.14331109605432,10.0070280522399,26.9010390549907
9.22968279167288,10.0074391897439,27.09865171981
9.30745843147998,9.99055638495616,27.2996759000647
9.3757682268276,9.95583319559372,27.501551425333
9.43377472370421,9.90300824672849,27.7016125661258
9.48069807600664,9.83212736257673,27.897130386562
9.51584100466365,9.74355884641297,28.0853612192814
9.53861278883858,9.63800042004238,28.2635998214544
9.54855155195896,9.51647664956136,28.4292353668701
9.5453440617192,9.38032612278091,28.579808102567
9.52884226782537,9.23117818326536,28.7130642890293
9.49907585936937,9.07091963006291,28.8270069832005
9.45626023643872,8.90165241306578,28.9199403337839
9.40079945410143,8.72564393695255,28.9905053424057
9.33328390238654,8.5452720767613,29.0377054875335
9.25448271982402,8.36296735677155,29.0609211776881
9.16533118351877,8.18115491614374,29.0599126485133
9.06691355678127,8.00219886249005,29.0348115872543
8.96044208735214,7.82835140177325,28.9861023984312
8.84723301879425,7.6617087534221,28.9145945615567
8.72868059225704,7.50417535384974,28.8213879332184
8.60623006841631,7.35743727119726,28.707833086053
8.4813507886944,7.22294515459919,28.5754888491236
8.35551022528488,7.10190647500921,28.4260791289835
8.23014985025732,6.99528632506909,28.2614508739202
8.10666349773849,6.90381566310996,28.0835347309567
7.98637871427564,6.82800562693646,27.894309575777
7.87054140554172,6.76816640821026,27.6957717084222
7.76030390580858,6.72442915778417,27.4899091357518
7.65671643100613,6.69676946746775,27.2786810307066
7.5607217346523,6.68503112083493,27.0640021847166
7.47315267327056,6.68894899988258,26.8477320607121
7.39473230593176,6.70817025219189,26.6316679100915
7.32607610055778,6.74227304477487,26.4175413319315
7.26769579497948,6.7907824406097,26.2070176172476
7.22000445954251,6.85318312143962,26.0016972240034
7.18332232573222,6.92892883976734,25.8031187583518
7.15788297713573,7.01744861207081,25.6127628837435
7.14383954062924,7.11814976511849,25.432056633143
7.14127056307816,7.23041802108979,25.262377653741
7.15018530887933,7.35361485962054,25.1050579633688
7.17052826395345,7.48707243122811,24.9613868403765
7.20218268068091,7.63008632235885,24.8326125027903
7.24497304484871,7.78190649288935,24.7199422583458
7.29866638965277,7.94172672719877,24.6245408259084
7.36297242340737,8.10867296416266,24.5475265432803
7.4375424774829,8.28179090306476,24.4899651897151
7.52196732004109,8.46003332402349,24.4528611676345
7.61577392043933,8.64224761455028,24.4371458117285
7.71842128985042,8.82716405849843,24.4436626300511
7.82929556671522,9.01338551861449,24.4731493365643
7.94770456190515,9.19937922606539,24.5262166137424
8.07287202832117,9.38347147446503,24.6033236531262
8.20393197293556,9.56384609441976,24.7047506663238
8.33992338508398,9.73854764714897,24.8305687428042
8.47978581129048,9.90549030927051,24.9806076555882
8.62235626108848,10.0624734097864,25.1544224798902
8.76636797595828,10.2072045071579,25.3512601864955
8.91045162907824,10.3373307408638,25.5700276886784
9.05313954025679,10.4504789408555,25.8092631390494
9.19287348031666,10.5443046164286,26.0671125631489
9.32801659392786,10.616549466851,26.3413141442324
9.45686988122017,10.6651064640496,26.6291925963566
9.57769353950312,10.6880908718938,26.9276660347859
9.68873327274219,10.6839148240831,27.2332675294585
9.78825142787628,10.6513623398285,27.5421830723987
9.8745625190715,10.5896609883832,27.8503069834513
9.94607236600267,10.4985459090052,28.1533148254149
10.0013197203029,10.3783116464316,28.4467527368915
10.0390189129158,10.2298473603915,28.7261407932367
10.0581017576634,10.0546514752202,28.9870866833559
10.057756729419,9.85482277741969,29.2254047818891
10.0374633342191,9.63302631773242,29.4372347554403
9.99701963257044,9.39243414295112,29.6191533132466
9.9365610836085,9.13664272691492,29.7682727101405
9.85656924793915,8.86957080167789,29.8823201900877
9.75786940331302,8.59534290065718,29.9596937064144
9.64161675304744,8.31816511907374,29.9994908759231
9.50927158965007,8.04220022061435,30.0015100542319
9.36256445274649,7.77144919145714,29.9662244468807
9.20345292661756,7.50964566841771,29.8947320677598
9.03407220079757,7.26016843779173,29.7886859166682
8.85668182449699,7.02597557625651,29.65020981746
8.67361119967294,6.8095619875249,29.4818058575169
8.48720627845814,6.61294028883466,29.2862592991818
8.29977967949579,6.4376434059489,29.0665462679216
8.1135660521411,6.28474598147203,28.825748586689
7.93068404507419,6.15490086465168,28.5669789741267
7.75310572703194,6.04838654496517,28.293318609013
7.58263380882526,5.96516137764168,28.0077679163834
7.42088656570691,5.90492075121133,27.7132104486519
7.26928998425735,5.86715387098706,27.4123889740968
7.12907637293032,5.85119748172956,27.1078923634922
7.00128848381024,5.85628454164765,26.8021515710025
6.88678808959398,5.88158652034408,26.4974429043027
6.78626793266899,5.92624857824647,26.1958968268168
6.70026599722674,5.989417367578,25.8995106849775
6.62918113426187,6.07026156525205,25.6101639620233
6.57328917736088,6.16798550936887,25.3296348908533
6.53275881056168,6.28183647499074,25.0596174843791
6.50766657700459,6.41110620809428,24.801738243914
6.49801054011356,6.55512735735926,24.5575719733301
6.50372222183813,6.7132654197945,24.3286562539737
6.52467654163377,6.88490676464693,24.1165042221192
6.56069956393508,7.06944323501519,23.922615339449
6.61157393104309,7.26625376030977,23.7484838618893
6.67704191396976,7.47468335536809,23.5956046982856
6.75680605810959,7.69401984216679,23.4654763135725
6.85052743651531,7.92346861489607,23.3596002773516
6.95782155435339,8.16212578491112,23.279476994676
7.07825197740916,8.40895009420466,23.2265970886406
7.21132178908871,8.66273407922561,23.2024278425992
7.3564630181024,8.92207510476725,23.2083940636493
7.51302422676889,9.18534707240042,23.2458527108148
7.68025651133204,9.45067383928918,23.3160606560553
7.85729824412775,9.71590565734644,23.4201350314673
8.04315898544962,9.97860025052892,23.5590057819106
8.23670311195755,10.2360104735192,23.7333603103989
8.43663384811371,10.4850808128734,23.9435804953342
8.64147854458968,10.7224552656968,24.1896728923196
8.84957621670039,10.9444993125287,24.4711936197628
9.05906852628322,11.1473387295623,24.7871702647676
9.26789554661113,11.3269177896142,25.1360241120751
9.47379777091143,11.479078905491,25.515497045145
9.67432588436939,11.5996649019914,25.9225885120774
9.86685978613159,11.6846438102724,26.3535088692021
10.0486381885457,11.7302543434366,26.8036560539586
10.2167998040348,11.7331680746305,27.2676227100878
10.3684366310943,11.6906619154048,27.7392403973414
10.5006591595254,11.6007919904119,28.2116661925332
10.610672442614,11.4625577250739,28.6775147207843
10.69586097086,11.2760432800503,29.1290354486499
10.7538792017791,11.0425227853504,29.5583310822674
10.7827435601362,10.7645165153461,29.9576084812391
10.7809208556572,10.4457874477492,30.3194491330777
10.7474075148664,10.0912715979474,30.6370825670209
10.6817939231745,9.70694087198665,30.9046437806304
10.5843086180557,9.29960340041754,31.1173953666703
10.4558380962919,8.87665261996001,31.2718968810478
10.2979195486587,8.44578185320043,31.3661080571998
10.1127057791129,8.01468493501707,31.3994183295056
9.90290369470329,7.59076491180277,31.3726020139866
9.67168981641324,7.18087173323402,31.2877054325208
9.42260800809532,6.7910863443909,31.1478782611398
9.15945584172488,6.42656325182774,30.9571656198993
8.88616658273516,6.09143734018812,30.7202794265603
